{
  "auc_val": 0.8676701887004226,
  "brier_original": 0.13894914090633392,
  "brier_calibrated": 0.048912004983032505
}