{
  "A": 0.9924198277301333,
  "B": -2.576532115528921
}